{"nodes":[{"id":2,"title":"bbbb","x":405.84088134765625,"y":241.40896606445312},{"id":4,"title":"aaaaa","x":636.3602294921875,"y":238.43194580078125}],"edges":[{"source":4,"target":2}]}